Outcome,Category,Specification,N,Estimate,SE,CI_low,CI_high,p,Signif
Candidacy (pp),Reference,Reference (Full Cohort A),454,0.92,3.22,-5.38,7.23,0.774,FALSE
Candidacy (pp),Milestones,Application filed,600,1.07,2.71,-4.24,6.37,0.694,FALSE
Candidacy (pp),Milestones,Authorization granted,610,-0.83,2.76,-6.25,4.59,0.765,FALSE
Candidacy (pp),Milestones,Commissioning,454,0.92,3.22,-5.38,7.23,0.774,FALSE
Candidacy (pp),Regions,Brittany,42,6.65,11.99,-16.85,30.16,0.579,FALSE
Candidacy (pp),Regions,Grand Est,126,-2.71,6.06,-14.58,9.17,0.655,FALSE
Candidacy (pp),Regions,Hauts-de-France,113,0.23,6.13,-11.78,12.24,0.97,FALSE
Candidacy (pp),Regions,Normandy,27,12.16,12.59,-12.52,36.83,0.334,FALSE
Candidacy (pp),Regions,Other regions,146,0.16,5.83,-11.27,11.59,0.978,FALSE
Candidacy (pp),Electoral system,List ballot,6,-31.57,30.59,-91.52,28.38,0.303,FALSE
Candidacy (pp),Electoral system,Plurality/individual,448,1.37,3.23,-4.96,7.69,0.672,FALSE
Candidacy (pp),Mayor stability,Mayor turnover 2008,171,0.97,4.27,-7.39,9.34,0.82,FALSE
Candidacy (pp),Mayor stability,Mayor turnover 2014,113,2.91,4.1,-5.12,10.94,0.477,FALSE
Candidacy (pp),Municipality size,"< 1,000 registered voters",401,2.2,3.33,-4.32,8.73,0.508,FALSE
Candidacy (pp),Municipality size,">= 1,000 registered voters",53,-7.89,10.91,-29.27,13.5,0.47,FALSE
Candidacy (pp),Installation power,Large >= 7 MW,229,2.27,4.36,-6.27,10.81,0.602,FALSE
Candidacy (pp),Installation power,Small < 7 MW,225,-0.41,4.68,-9.58,8.75,0.929,FALSE
Candidacy (pp),Cohorts,B 2014-2020,592,-2.15,2.81,-7.65,3.35,0.444,FALSE
Candidacy (pp),Cohorts,C 2020-2026,292,1.59,3.87,-5.99,9.17,0.68,FALSE
Candidacy (pp),Competitiveness,Competitive,206,1.83,4.19,-6.38,10.05,0.662,FALSE
Candidacy (pp),Competitiveness,Non-competitive,248,-2.46,4.69,-11.66,6.74,0.6,FALSE
Reelection (pp),Reference,Reference (Full Cohort A),482,0.93,3.27,-5.47,7.33,0.777,FALSE
Reelection (pp),Milestones,Application filed,638,-0.11,2.79,-5.58,5.37,0.969,FALSE
Reelection (pp),Milestones,Authorization granted,647,-0.75,2.82,-6.27,4.76,0.789,FALSE
Reelection (pp),Milestones,Commissioning,482,0.93,3.27,-5.47,7.33,0.777,FALSE
Reelection (pp),Regions,Brittany,45,12.61,11.2,-9.34,34.57,0.261,FALSE
Reelection (pp),Regions,Grand Est,137,-2.37,5.95,-14.04,9.29,0.69,FALSE
Reelection (pp),Regions,Hauts-de-France,115,-3.93,6.85,-17.36,9.5,0.566,FALSE
Reelection (pp),Regions,Normandy,27,10.09,14.87,-19.07,39.24,0.498,FALSE
Reelection (pp),Regions,Other regions,158,3.05,5.66,-8.04,14.13,0.59,FALSE
Reelection (pp),Electoral system,List ballot,7,5.73,31,-55.03,66.49,0.853,FALSE
Reelection (pp),Electoral system,Plurality/individual,475,0.84,3.29,-5.6,7.29,0.797,FALSE
Reelection (pp),Mayor stability,Mayor turnover 2008,178,3.73,3.44,-3.02,10.47,0.279,FALSE
Reelection (pp),Mayor stability,Mayor turnover 2014,114,0,NA,NA,NA,NA,NA
Reelection (pp),Municipality size,"< 1,000 registered voters",425,2.14,3.4,-4.51,8.79,0.528,FALSE
Reelection (pp),Municipality size,">= 1,000 registered voters",57,-7.36,10.84,-28.61,13.89,0.497,FALSE
Reelection (pp),Installation power,Large >= 7 MW,243,3.44,4.51,-5.4,12.28,0.446,FALSE
Reelection (pp),Installation power,Small < 7 MW,239,-1.61,4.66,-10.75,7.53,0.73,FALSE
Reelection (pp),Cohorts,B 2014-2020,623,-3.43,2.95,-9.21,2.35,0.245,FALSE
Reelection (pp),Cohorts,C 2020-2026,292,3.83,4.36,-4.71,12.36,0.38,FALSE
Reelection (pp),Competitiveness,Competitive,219,-1.05,4.1,-9.08,6.99,0.799,FALSE
Reelection (pp),Competitiveness,Non-competitive,263,0.47,4.87,-9.07,10.01,0.923,FALSE
Winner vote share (% valid votes),Reference,Reference (Full Cohort A),497,-0.04,0.73,-1.48,1.4,0.952,FALSE
Winner vote share (% valid votes),Milestones,Application filed,662,0.14,0.61,-1.05,1.34,0.816,FALSE
Winner vote share (% valid votes),Milestones,Authorization granted,674,-0.46,0.59,-1.62,0.71,0.441,FALSE
Winner vote share (% valid votes),Milestones,Commissioning,497,-0.04,0.73,-1.48,1.4,0.952,FALSE
Winner vote share (% valid votes),Regions,Brittany,46,3.73,2.74,-1.64,9.1,0.174,FALSE
Winner vote share (% valid votes),Regions,Grand Est,139,1.21,1.14,-1.02,3.44,0.289,FALSE
Winner vote share (% valid votes),Regions,Hauts-de-France,116,-1.11,1.34,-3.74,1.52,0.407,FALSE
Winner vote share (% valid votes),Regions,Normandy,28,-1.18,3.98,-8.99,6.62,0.767,FALSE
Winner vote share (% valid votes),Regions,Other regions,168,-1.34,1.4,-4.09,1.4,0.338,FALSE
Winner vote share (% valid votes),Electoral system,List ballot,10,3.93,5.97,-7.78,15.64,0.511,FALSE
Winner vote share (% valid votes),Electoral system,Plurality/individual,487,-0.12,0.74,-1.57,1.33,0.867,FALSE
Winner vote share (% valid votes),Mayor stability,Mayor turnover 2008,178,0.16,1.26,-2.31,2.64,0.899,FALSE
Winner vote share (% valid votes),Mayor stability,Mayor turnover 2014,114,-0.57,1.61,-3.73,2.6,0.726,FALSE
Winner vote share (% valid votes),Mayor stability,Same mayor 2008-2014,188,0.18,0.99,-1.76,2.12,0.854,FALSE
Winner vote share (% valid votes),Municipality size,"< 1,000 registered voters",434,0.4,0.71,-1,1.8,0.572,FALSE
Winner vote share (% valid votes),Municipality size,">= 1,000 registered voters",63,-2.45,2.96,-8.26,3.36,0.408,FALSE
Winner vote share (% valid votes),Installation power,Large >= 7 MW,250,-0.17,0.98,-2.09,1.75,0.859,FALSE
Winner vote share (% valid votes),Installation power,Small < 7 MW,247,0.09,1.08,-2.04,2.21,0.937,FALSE
Winner vote share (% valid votes),Cohorts,B 2014-2020,637,-0.82,0.69,-2.18,0.53,0.233,FALSE
Winner vote share (% valid votes),Cohorts,C 2020-2026,329,0.57,1.07,-1.53,2.66,0.596,FALSE
Winner vote share (% valid votes),Competitiveness,Competitive,222,0.32,0.92,-1.49,2.13,0.728,FALSE
Winner vote share (% valid votes),Competitiveness,Non-competitive,275,-2.06,1.01,-4.05,-0.08,0.042,TRUE
Abstention (% registered),Reference,Reference (Full Cohort A),497,0.59,0.33,-0.06,1.24,0.074,FALSE
Abstention (% registered),Milestones,Application filed,662,0.01,0.28,-0.53,0.55,0.972,FALSE
Abstention (% registered),Milestones,Authorization granted,674,-0.23,0.28,-0.79,0.32,0.411,FALSE
Abstention (% registered),Milestones,Commissioning,497,0.59,0.33,-0.06,1.24,0.074,FALSE
Abstention (% registered),Regions,Brittany,46,0.88,0.85,-0.79,2.55,0.3,FALSE
Abstention (% registered),Regions,Grand Est,139,1.03,0.69,-0.31,2.38,0.133,FALSE
Abstention (% registered),Regions,Hauts-de-France,116,1.12,0.67,-0.19,2.43,0.093,FALSE
Abstention (% registered),Regions,Normandy,28,0.26,1.49,-2.66,3.17,0.862,FALSE
Abstention (% registered),Regions,Other regions,168,0,0.55,-1.08,1.09,0.997,FALSE
Abstention (% registered),Electoral system,List ballot,10,-0.57,1.87,-4.24,3.1,0.762,FALSE
Abstention (% registered),Electoral system,Plurality/individual,487,0.62,0.33,-0.04,1.27,0.064,FALSE
Abstention (% registered),Mayor stability,Mayor turnover 2008,178,0.5,0.52,-0.52,1.52,0.335,FALSE
Abstention (% registered),Mayor stability,Mayor turnover 2014,114,0.74,0.73,-0.7,2.18,0.313,FALSE
Abstention (% registered),Mayor stability,Same mayor 2008-2014,188,0.63,0.54,-0.43,1.69,0.243,FALSE
Abstention (% registered),Municipality size,"< 1,000 registered voters",434,0.79,0.35,0.09,1.48,0.027,TRUE
Abstention (% registered),Municipality size,">= 1,000 registered voters",63,-0.63,0.86,-2.31,1.06,0.465,FALSE
Abstention (% registered),Installation power,Large >= 7 MW,250,0.49,0.44,-0.36,1.34,0.261,FALSE
Abstention (% registered),Installation power,Small < 7 MW,247,0.69,0.49,-0.27,1.65,0.159,FALSE
Abstention (% registered),Cohorts,B 2014-2020,637,-0.53,0.41,-1.34,0.28,0.203,FALSE
Abstention (% registered),Cohorts,C 2020-2026,332,0.87,0.61,-0.33,2.07,0.154,FALSE
Abstention (% registered),Competitiveness,Competitive,222,1.41,0.52,0.4,2.43,0.007,TRUE
Abstention (% registered),Competitiveness,Non-competitive,275,-0.45,0.42,-1.27,0.37,0.284,FALSE
Candidate turnover (%),Milestones,Application filed,571,0,NA,NA,NA,NA,NA
Candidate turnover (%),Cohorts,B 2014-2020,621,-0.39,1.1,-2.55,1.76,0.721,FALSE
Candidate turnover (%),Cohorts,C 2020-2026,326,0.28,1.33,-2.32,2.88,0.832,FALSE
Incumbent vote share (% valid votes),Reference,Reference (Full Cohort A),355,0.46,1.23,-1.95,2.87,0.706,FALSE
Incumbent vote share (% valid votes),Milestones,Application filed,464,0.67,0.96,-1.21,2.55,0.485,FALSE
Incumbent vote share (% valid votes),Milestones,Authorization granted,465,1.03,0.97,-0.87,2.92,0.288,FALSE
Incumbent vote share (% valid votes),Milestones,Commissioning,355,0.46,1.23,-1.95,2.87,0.706,FALSE
Incumbent vote share (% valid votes),Regions,Brittany,30,-0.75,4.73,-10.02,8.52,0.874,FALSE
Incumbent vote share (% valid votes),Regions,Grand Est,104,2.53,1.96,-1.31,6.38,0.197,FALSE
Incumbent vote share (% valid votes),Regions,Hauts-de-France,93,-0.36,2.22,-4.71,4,0.872,FALSE
Incumbent vote share (% valid votes),Regions,Normandy,20,-8.89,6.36,-21.37,3.58,0.163,FALSE
Incumbent vote share (% valid votes),Regions,Other regions,108,-0.18,2.56,-5.19,4.83,0.944,FALSE
Incumbent vote share (% valid votes),Electoral system,Plurality/individual,352,0.51,1.23,-1.9,2.92,0.679,FALSE
Incumbent vote share (% valid votes),Mayor stability,Mayor turnover 2008,141,4.35,4.18,-3.85,12.54,0.299,FALSE
Incumbent vote share (% valid votes),Mayor stability,Mayor turnover 2014,26,-0.36,4.9,-9.95,9.24,0.942,FALSE
Incumbent vote share (% valid votes),Mayor stability,Same mayor 2008-2014,188,0.18,0.99,-1.76,2.12,0.854,FALSE
Incumbent vote share (% valid votes),Municipality size,"< 1,000 registered voters",320,1.05,1.14,-1.18,3.29,0.356,FALSE
Incumbent vote share (% valid votes),Municipality size,">= 1,000 registered voters",35,-6.67,7.5,-21.38,8.03,0.374,FALSE
Incumbent vote share (% valid votes),Installation power,Large >= 7 MW,182,0.81,1.55,-2.23,3.85,0.601,FALSE
Incumbent vote share (% valid votes),Installation power,Small < 7 MW,173,0.08,1.91,-3.66,3.82,0.966,FALSE
Incumbent vote share (% valid votes),Cohorts,B 2014-2020,429,1.65,1.31,-0.92,4.22,0.208,FALSE
Incumbent vote share (% valid votes),Cohorts,C 2020-2026,156,0.85,2.02,-3.11,4.82,0.673,FALSE
Incumbent vote share (% valid votes),Competitiveness,Competitive,166,0.31,1.4,-2.44,3.06,0.825,FALSE
Incumbent vote share (% valid votes),Competitiveness,Non-competitive,189,-0.32,2.01,-4.25,3.61,0.873,FALSE
